{"cameraMode":{"drawMode":0,"name":"Shaded","section":"Shading Mode"},"sceneLighting":false,"audioPlay":false,"sceneViewState":{"showFog":true,"showMaterialUpdate":false,"showSkybox":false,"showFlares":true,"showImageEffects":true,"showParticleSystems":true},"in2DMode":false,"pivot":{"x":176.4304656982422,"y":101.5822982788086,"z":-27.4532470703125},"rotation":{"x":-0.009292562492191792,"y":0.060557883232831958,"z":-0.000563714187592268,"w":-0.9981237053871155},"size":199.04171752929688,"orthographic":false}