{"cameraMode":{"drawMode":0,"name":"Shaded","section":"Shading Mode"},"sceneLighting":false,"audioPlay":false,"sceneViewState":{"showFog":true,"showMaterialUpdate":false,"showSkybox":false,"showFlares":true,"showImageEffects":true,"showParticleSystems":true},"in2DMode":false,"pivot":{"x":115.35446166992188,"y":119.82421875,"z":-6.482635498046875},"rotation":{"x":-0.08420119434595108,"y":-0.014351082034409047,"z":0.0012128502130508423,"w":-0.9963456392288208},"size":351.3695373535156,"orthographic":false}