{"cameraMode":{"drawMode":0,"name":"Shaded","section":"Shading Mode"},"sceneLighting":false,"audioPlay":false,"sceneViewState":{"showFog":true,"showMaterialUpdate":false,"showSkybox":false,"showFlares":true,"showImageEffects":true,"showParticleSystems":true},"in2DMode":false,"pivot":{"x":92.03112030029297,"y":233.56471252441407,"z":-8.40545654296875},"rotation":{"x":-0.12443902343511582,"y":0.027379481121897699,"z":-0.003435116959735751,"w":-0.9918476343154907},"size":851.8816528320313,"orthographic":false}