{"cameraMode":{"drawMode":0,"name":"Shaded","section":"Shading Mode"},"sceneLighting":false,"audioPlay":false,"sceneViewState":{"showFog":true,"showMaterialUpdate":false,"showSkybox":false,"showFlares":true,"showImageEffects":true,"showParticleSystems":true},"in2DMode":false,"pivot":{"x":73.04035949707031,"y":179.38037109375,"z":-20.659088134765626},"rotation":{"x":0.11340749263763428,"y":0.0259261354804039,"z":0.002960559446364641,"w":-0.9932118058204651},"size":229.91244506835938,"orthographic":false}