{"cameraMode":{"drawMode":0,"name":"Shaded","section":"Shading Mode"},"sceneLighting":false,"audioPlay":false,"sceneViewState":{"showFog":true,"showMaterialUpdate":false,"showSkybox":false,"showFlares":true,"showImageEffects":true,"showParticleSystems":true},"in2DMode":false,"pivot":{"x":122.27865600585938,"y":419.7786560058594,"z":0.000034014377888524905},"rotation":{"x":-0.10343458503484726,"y":0.06023591756820679,"z":-0.006269826088100672,"w":-0.9927996397018433},"size":585.9130859375,"orthographic":false}