{"cameraMode":{"drawMode":0,"name":"Shaded","section":"Shading Mode"},"sceneLighting":false,"audioPlay":false,"sceneViewState":{"showFog":true,"showMaterialUpdate":false,"showSkybox":false,"showFlares":true,"showImageEffects":true,"showParticleSystems":true},"in2DMode":false,"pivot":{"x":108.81808471679688,"y":54.88009262084961,"z":-23.60912322998047},"rotation":{"x":-0.00780167430639267,"y":0.04558039829134941,"z":-0.00035594269866123796,"w":-0.9989339113235474},"size":136.19387817382813,"orthographic":false}