{"cameraMode":{"drawMode":0,"name":"Shaded","section":"Shading Mode"},"sceneLighting":false,"audioPlay":false,"sceneViewState":{"showFog":true,"showMaterialUpdate":false,"showSkybox":false,"showFlares":true,"showImageEffects":true,"showParticleSystems":true},"in2DMode":false,"pivot":{"x":169.4470672607422,"y":187.27084350585938,"z":-0.25714111328125},"rotation":{"x":-0.045282527804374698,"y":0.023071877658367158,"z":-0.0010461952770128847,"w":-0.9987118244171143},"size":579.8969116210938,"orthographic":false}