{"cameraMode":{"drawMode":0,"name":"Shaded","section":"Shading Mode"},"sceneLighting":false,"audioPlay":false,"sceneViewState":{"showFog":true,"showMaterialUpdate":false,"showSkybox":false,"showFlares":true,"showImageEffects":true,"showParticleSystems":true},"in2DMode":false,"pivot":{"x":72.38461303710938,"y":158.5571746826172,"z":-3.493746757507324},"rotation":{"x":-0.11038912087678909,"y":0.11067667603492737,"z":-0.012370496988296509,"w":-0.9876300096511841},"size":515.210205078125,"orthographic":false}