{"cameraMode":{"drawMode":0,"name":"Shaded","section":"Shading Mode"},"sceneLighting":false,"audioPlay":false,"sceneViewState":{"showFog":true,"showMaterialUpdate":false,"showSkybox":false,"showFlares":true,"showImageEffects":true,"showParticleSystems":true},"in2DMode":false,"pivot":{"x":70.50000762939453,"y":284.1927185058594,"z":0.0},"rotation":{"x":0.014664103277027607,"y":0.059057023376226428,"z":0.0008678650483489037,"w":-0.998152494430542},"size":232.7005157470703,"orthographic":false}