{"cameraMode":{"drawMode":0,"name":"Shaded","section":"Shading Mode"},"sceneLighting":true,"audioPlay":false,"sceneViewState":{"showFog":true,"showMaterialUpdate":false,"showSkybox":true,"showFlares":true,"showImageEffects":true,"showParticleSystems":true},"in2DMode":false,"pivot":{"x":108.49861145019531,"y":177.10366821289063,"z":0.0},"rotation":{"x":-0.16597573459148408,"y":0.02721254713833332,"z":-0.004575392697006464,"w":-0.9857522249221802},"size":512.0806274414063,"orthographic":false}