{"cameraMode":{"drawMode":0,"name":"Shaded","section":"Shading Mode"},"sceneLighting":true,"audioPlay":false,"sceneViewState":{"showFog":true,"showMaterialUpdate":false,"showSkybox":true,"showFlares":true,"showImageEffects":true,"showParticleSystems":true},"in2DMode":false,"pivot":{"x":128.56459045410157,"y":219.3229217529297,"z":0.0},"rotation":{"x":-0.03326728940010071,"y":0.047054849565029147,"z":-0.0015619162004441023,"w":-0.9983456134796143},"size":78.22410583496094,"orthographic":false}