{"cameraMode":{"drawMode":0,"name":"Shaded","section":"Shading Mode"},"sceneLighting":false,"audioPlay":false,"sceneViewState":{"showFog":true,"showMaterialUpdate":false,"showSkybox":false,"showFlares":true,"showImageEffects":true,"showParticleSystems":true},"in2DMode":false,"pivot":{"x":-10.063201904296875,"y":204.38531494140626,"z":-13.64208984375},"rotation":{"x":-0.015289602801203728,"y":-0.050375379621982577,"z":0.0007760941516608,"w":-0.998622477054596},"size":655.1744995117188,"orthographic":false}