{"cameraMode":{"drawMode":0,"name":"Shaded","section":"Shading Mode"},"sceneLighting":true,"audioPlay":false,"sceneViewState":{"showFog":true,"showMaterialUpdate":false,"showSkybox":true,"showFlares":true,"showImageEffects":true,"showParticleSystems":true},"in2DMode":false,"pivot":{"x":104.66696166992188,"y":148.75070190429688,"z":1.817779541015625},"rotation":{"x":0.023567229509353639,"y":0.10089772939682007,"z":0.0023908251896500589,"w":-0.9946199059486389},"size":307.5442199707031,"orthographic":false}