{"cameraMode":{"drawMode":0,"name":"Shaded","section":"Shading Mode"},"sceneLighting":true,"audioPlay":false,"sceneViewState":{"showFog":true,"showMaterialUpdate":false,"showSkybox":true,"showFlares":true,"showImageEffects":true,"showParticleSystems":true},"in2DMode":false,"pivot":{"x":152.3712158203125,"y":160.52589416503907,"z":-10.8975830078125},"rotation":{"x":-0.16960486769676209,"y":0.0994502529501915,"z":-0.01719900406897068,"w":-0.9803393483161926},"size":398.69744873046877,"orthographic":false}