{"cameraMode":{"drawMode":0,"name":"Shaded","section":"Shading Mode"},"sceneLighting":false,"audioPlay":false,"sceneViewState":{"showFog":true,"showMaterialUpdate":false,"showSkybox":false,"showFlares":true,"showImageEffects":true,"showParticleSystems":true},"in2DMode":false,"pivot":{"x":47.89113998413086,"y":187.34947204589845,"z":-12.061668395996094},"rotation":{"x":-0.11038912087678909,"y":0.11067667603492737,"z":-0.012370496988296509,"w":-0.9876300096511841},"size":313.1800537109375,"orthographic":false}