{"cameraMode":{"drawMode":0,"name":"Shaded","section":"Shading Mode"},"sceneLighting":true,"audioPlay":false,"sceneViewState":{"showFog":true,"showMaterialUpdate":false,"showSkybox":true,"showFlares":true,"showImageEffects":true,"showParticleSystems":true},"in2DMode":false,"pivot":{"x":106.90557861328125,"y":242.58831787109376,"z":3.56829833984375},"rotation":{"x":-0.15857169032096864,"y":0.028726564720273019,"z":-0.004609718453139067,"w":-0.9869290590286255},"size":498.6396789550781,"orthographic":false}