{"cameraMode":{"drawMode":0,"name":"Shaded","section":"Shading Mode"},"sceneLighting":false,"audioPlay":false,"sceneViewState":{"showFog":true,"showMaterialUpdate":false,"showSkybox":false,"showFlares":true,"showImageEffects":true,"showParticleSystems":true},"in2DMode":false,"pivot":{"x":93.76094055175781,"y":301.6729431152344,"z":3.1312255859375},"rotation":{"x":0.031162617728114129,"y":0.03806988149881363,"z":0.0011877968208864332,"w":-0.9987918138504028},"size":720.4470825195313,"orthographic":false}