{"cameraMode":{"drawMode":0,"name":"Shaded","section":"Shading Mode"},"sceneLighting":false,"audioPlay":false,"sceneViewState":{"showFog":true,"showMaterialUpdate":false,"showSkybox":false,"showFlares":true,"showImageEffects":true,"showParticleSystems":true},"in2DMode":false,"pivot":{"x":159.47950744628907,"y":154.95497131347657,"z":11.02008056640625},"rotation":{"x":0.016185257583856584,"y":0.023092137649655343,"z":0.000375825708033517,"w":-0.9996118545532227},"size":601.2743530273438,"orthographic":false}