{"cameraMode":{"drawMode":0,"name":"Shaded","section":"Shading Mode"},"sceneLighting":false,"audioPlay":false,"sceneViewState":{"showFog":true,"showMaterialUpdate":false,"showSkybox":false,"showFlares":true,"showImageEffects":true,"showParticleSystems":true},"in2DMode":false,"pivot":{"x":201.93458557128907,"y":-905.0546875,"z":-0.00001894633169285953},"rotation":{"x":0.0033056011889129879,"y":-0.0494842529296875,"z":0.00016402520122937858,"w":0.998770534992218},"size":5001.392578125,"orthographic":false}