{"cameraMode":{"drawMode":0,"name":"Shaded","section":"Shading Mode"},"sceneLighting":false,"audioPlay":false,"sceneViewState":{"showFog":true,"showMaterialUpdate":false,"showSkybox":false,"showFlares":true,"showImageEffects":true,"showParticleSystems":true},"in2DMode":false,"pivot":{"x":97.56990051269531,"y":274.68804931640627,"z":0.9061279296875},"rotation":{"x":0.018308140337467195,"y":0.007493933197110891,"z":-0.00013697872054763138,"w":0.9998051524162293},"size":1318.5513916015625,"orthographic":false}