{"cameraMode":{"drawMode":0,"name":"Shaded","section":"Shading Mode"},"sceneLighting":true,"audioPlay":false,"sceneViewState":{"showFog":true,"showMaterialUpdate":false,"showSkybox":true,"showFlares":true,"showImageEffects":true,"showParticleSystems":true},"in2DMode":false,"pivot":{"x":49.016937255859378,"y":229.76113891601563,"z":127.6556396484375},"rotation":{"x":0.1301790028810501,"y":-0.062425579875707629,"z":0.008212773129343987,"w":0.9894964098930359},"size":1337.3238525390625,"orthographic":false}