{"cameraMode":{"drawMode":0,"name":"Shaded","section":"Shading Mode"},"sceneLighting":true,"audioPlay":false,"sceneViewState":{"showFog":true,"showMaterialUpdate":false,"showSkybox":true,"showFlares":true,"showImageEffects":true,"showParticleSystems":true},"in2DMode":false,"pivot":{"x":136.29434204101563,"y":412.9582824707031,"z":103.77692413330078},"rotation":{"x":0.004808908328413963,"y":0.016494475305080415,"z":-0.0000798153123469092,"w":0.999860942363739},"size":842.3973999023438,"orthographic":false}