{"cameraMode":{"drawMode":0,"name":"Shaded","section":"Shading Mode"},"sceneLighting":false,"audioPlay":false,"sceneViewState":{"showFog":true,"showMaterialUpdate":false,"showSkybox":false,"showFlares":true,"showImageEffects":true,"showParticleSystems":true},"in2DMode":false,"pivot":{"x":-86.46501922607422,"y":293.5674133300781,"z":-20.210811614990236},"rotation":{"x":0.06175489351153374,"y":-0.02246057614684105,"z":0.0013929049018770457,"w":0.9978458285331726},"size":2116.680419921875,"orthographic":false}