{"cameraMode":{"drawMode":0,"name":"Shaded","section":"Shading Mode"},"sceneLighting":true,"audioPlay":false,"sceneViewState":{"showFog":true,"showMaterialUpdate":false,"showSkybox":true,"showFlares":true,"showImageEffects":true,"showParticleSystems":true},"in2DMode":false,"pivot":{"x":209.2490234375,"y":372.1526794433594,"z":28.38445472717285},"rotation":{"x":0.08655600994825363,"y":-0.12074442207813263,"z":0.010569295845925808,"w":0.988848090171814},"size":272.328369140625,"orthographic":false}