{"cameraMode":{"drawMode":0,"name":"Shaded","section":"Shading Mode"},"sceneLighting":false,"audioPlay":false,"sceneViewState":{"showFog":true,"showMaterialUpdate":false,"showSkybox":false,"showFlares":true,"showImageEffects":true,"showParticleSystems":true},"in2DMode":false,"pivot":{"x":150.00003051757813,"y":547.0,"z":0.00012207029794808477},"rotation":{"x":-0.0071839578449726109,"y":-0.041991304606199267,"z":-0.00030168972443789244,"w":0.9990937113761902},"size":4674.83203125,"orthographic":false}