{"cameraMode":{"drawMode":0,"name":"Shaded","section":"Shading Mode"},"sceneLighting":false,"audioPlay":false,"sceneViewState":{"showFog":true,"showMaterialUpdate":false,"showSkybox":false,"showFlares":true,"showImageEffects":true,"showParticleSystems":true},"in2DMode":false,"pivot":{"x":164.96524047851563,"y":378.5217590332031,"z":33.058837890625},"rotation":{"x":0.08123522251844406,"y":0.3620913624763489,"z":-0.0316934734582901,"w":0.9280574321746826},"size":174.1786346435547,"orthographic":false}