{"cameraMode":{"drawMode":0,"name":"Shaded","section":"Shading Mode"},"sceneLighting":false,"audioPlay":false,"sceneViewState":{"showFog":true,"showMaterialUpdate":false,"showSkybox":false,"showFlares":true,"showImageEffects":true,"showParticleSystems":true},"in2DMode":false,"pivot":{"x":218.97763061523438,"y":358.8387451171875,"z":2.2184338569641115},"rotation":{"x":-0.08507372438907623,"y":-0.01793838106095791,"z":-0.0015326384454965592,"w":0.9962142705917358},"size":982.9202880859375,"orthographic":false}