{"cameraMode":{"drawMode":0,"name":"Shaded","section":"Shading Mode"},"sceneLighting":false,"audioPlay":false,"sceneViewState":{"showFog":true,"showMaterialUpdate":false,"showSkybox":false,"showFlares":true,"showImageEffects":true,"showParticleSystems":true},"in2DMode":false,"pivot":{"x":125.02880859375,"y":257.8241882324219,"z":5.0792694091796879},"rotation":{"x":-0.059333305805921558,"y":-0.24162322282791139,"z":-0.01480416115373373,"w":0.9684436917304993},"size":216.94439697265626,"orthographic":false}