{"cameraMode":{"drawMode":0,"name":"Shaded","section":"Shading Mode"},"sceneLighting":false,"audioPlay":false,"sceneViewState":{"showFog":true,"showMaterialUpdate":false,"showSkybox":false,"showFlares":true,"showImageEffects":true,"showParticleSystems":true},"in2DMode":false,"pivot":{"x":118.11199188232422,"y":236.95181274414063,"z":6.512542724609375},"rotation":{"x":-0.0872388556599617,"y":-0.13703274726867677,"z":-0.01211707666516304,"w":0.9866459369659424},"size":589.6921997070313,"orthographic":false}