{"cameraMode":{"drawMode":0,"name":"Shaded","section":"Shading Mode"},"sceneLighting":false,"audioPlay":false,"sceneViewState":{"showFog":true,"showMaterialUpdate":false,"showSkybox":false,"showFlares":true,"showImageEffects":true,"showParticleSystems":true},"in2DMode":false,"pivot":{"x":118.9930419921875,"y":237.41793823242188,"z":14.799285888671875},"rotation":{"x":-0.06535635888576508,"y":-0.22843953967094422,"z":-0.01537276804447174,"w":0.9712429046630859},"size":431.4024658203125,"orthographic":false}