{"cameraMode":{"drawMode":0,"name":"Shaded","section":"Shading Mode"},"sceneLighting":false,"audioPlay":false,"sceneViewState":{"showFog":true,"showMaterialUpdate":false,"showSkybox":false,"showFlares":true,"showImageEffects":true,"showParticleSystems":true},"in2DMode":false,"pivot":{"x":125.25470733642578,"y":258.1925964355469,"z":-3.787353515625},"rotation":{"x":-0.11493487656116486,"y":-0.004474725108593702,"z":-0.0005184949259273708,"w":0.9933652281761169},"size":442.8590087890625,"orthographic":false}