{"cameraMode":{"drawMode":0,"name":"Shaded","section":"Shading Mode"},"sceneLighting":true,"audioPlay":false,"sceneViewState":{"showFog":true,"showMaterialUpdate":false,"showSkybox":true,"showFlares":true,"showImageEffects":true,"showParticleSystems":true},"in2DMode":false,"pivot":{"x":121.56774139404297,"y":205.02200317382813,"z":-83.17617797851563},"rotation":{"x":0.05127612128853798,"y":0.020966313779354097,"z":-0.0010772206587716938,"w":0.9984692931175232},"size":322.6529541015625,"orthographic":false}