{"cameraMode":{"drawMode":0,"name":"Shaded","section":"Shading Mode"},"sceneLighting":false,"audioPlay":false,"sceneViewState":{"showFog":true,"showMaterialUpdate":false,"showSkybox":false,"showFlares":true,"showImageEffects":true,"showParticleSystems":true},"in2DMode":false,"pivot":{"x":209.6080322265625,"y":286.6263427734375,"z":28.24822998046875},"rotation":{"x":-0.060993824154138568,"y":-0.07180790603160858,"z":-0.004400021396577358,"w":0.9955450296401978},"size":676.7794189453125,"orthographic":false}