{"cameraMode":{"drawMode":0,"name":"Shaded","section":"Shading Mode"},"sceneLighting":false,"audioPlay":false,"sceneViewState":{"showFog":true,"showMaterialUpdate":false,"showSkybox":false,"showFlares":true,"showImageEffects":true,"showParticleSystems":true},"in2DMode":false,"pivot":{"x":33.42868423461914,"y":120.91216278076172,"z":-19.60635757446289},"rotation":{"x":-0.06263135373592377,"y":-0.023955218493938447,"z":-0.0015044797910377384,"w":0.9977502822875977},"size":258.55615234375,"orthographic":false}