{"cameraMode":{"drawMode":0,"name":"Shaded","section":"Shading Mode"},"sceneLighting":false,"audioPlay":false,"sceneViewState":{"showFog":true,"showMaterialUpdate":false,"showSkybox":false,"showFlares":true,"showImageEffects":true,"showParticleSystems":true},"in2DMode":false,"pivot":{"x":66.81195068359375,"y":334.02056884765627,"z":10.33306884765625},"rotation":{"x":-0.002690114313736558,"y":-0.00900453794747591,"z":-0.000024930370273068547,"w":0.9999590516090393},"size":531.9947509765625,"orthographic":false}