{"cameraMode":{"drawMode":0,"name":"Shaded","section":"Shading Mode"},"sceneLighting":false,"audioPlay":false,"sceneViewState":{"showFog":true,"showMaterialUpdate":false,"showSkybox":false,"showFlares":true,"showImageEffects":true,"showParticleSystems":true},"in2DMode":false,"pivot":{"x":954.7344970703125,"y":-4679.9287109375,"z":-0.000244140625},"rotation":{"x":-0.0872388556599617,"y":-0.13703274726867677,"z":-0.01211707666516304,"w":0.9866459369659424},"size":32535.189453125,"orthographic":false}