{"cameraMode":{"drawMode":0,"name":"Shaded","section":"Shading Mode"},"sceneLighting":false,"audioPlay":false,"sceneViewState":{"showFog":true,"showMaterialUpdate":false,"showSkybox":false,"showFlares":true,"showImageEffects":true,"showParticleSystems":true},"in2DMode":false,"pivot":{"x":178.32077026367188,"y":29.34511947631836,"z":1.813683032989502},"rotation":{"x":0.024254459887742997,"y":-0.06593747437000275,"z":0.0016025322256609798,"w":0.9975301623344421},"size":294.6095886230469,"orthographic":false}