{"cameraMode":{"drawMode":0,"name":"Shaded","section":"Shading Mode"},"sceneLighting":false,"audioPlay":false,"sceneViewState":{"showFog":true,"showMaterialUpdate":false,"showSkybox":false,"showFlares":true,"showImageEffects":true,"showParticleSystems":true},"in2DMode":false,"pivot":{"x":131.00125122070313,"y":358.66265869140627,"z":-11.45574951171875},"rotation":{"x":0.14221705496311189,"y":-0.03859803453087807,"z":0.005549237597733736,"w":0.9890713691711426},"size":604.8342895507813,"orthographic":false}