{"cameraMode":{"drawMode":0,"name":"Shaded","section":"Shading Mode"},"sceneLighting":false,"audioPlay":false,"sceneViewState":{"showFog":true,"showMaterialUpdate":false,"showSkybox":false,"showFlares":true,"showImageEffects":true,"showParticleSystems":true},"in2DMode":false,"pivot":{"x":66.40106201171875,"y":242.81991577148438,"z":-6.1908721923828129},"rotation":{"x":0.1808004379272461,"y":-0.010331490077078343,"z":0.001898665097542107,"w":0.9834670424461365},"size":252.60385131835938,"orthographic":false}