{"cameraMode":{"drawMode":0,"name":"Shaded","section":"Shading Mode"},"sceneLighting":false,"audioPlay":false,"sceneViewState":{"showFog":true,"showMaterialUpdate":false,"showSkybox":false,"showFlares":true,"showImageEffects":true,"showParticleSystems":true},"in2DMode":false,"pivot":{"x":146.12257385253907,"y":269.75469970703127,"z":-45.918121337890628},"rotation":{"x":0.08271210640668869,"y":-0.008973754942417145,"z":0.0007441124180331826,"w":0.9965373277664185},"size":681.8111572265625,"orthographic":false}