{"cameraMode":{"drawMode":0,"name":"Shaded","section":"Shading Mode"},"sceneLighting":true,"audioPlay":false,"sceneViewState":{"showFog":true,"showMaterialUpdate":false,"showSkybox":true,"showFlares":true,"showImageEffects":true,"showParticleSystems":true},"in2DMode":false,"pivot":{"x":117.16598510742188,"y":217.30494689941407,"z":3.7017822265625},"rotation":{"x":-0.06713385134935379,"y":-0.013473768718540669,"z":-0.0009074237896129489,"w":0.9976552724838257},"size":576.7177124023438,"orthographic":false}