{"cameraMode":{"drawMode":0,"name":"Shaded","section":"Shading Mode"},"sceneLighting":false,"audioPlay":false,"sceneViewState":{"showFog":true,"showMaterialUpdate":false,"showSkybox":false,"showFlares":true,"showImageEffects":true,"showParticleSystems":true},"in2DMode":false,"pivot":{"x":122.64523315429688,"y":364.28668212890627,"z":11.4102783203125},"rotation":{"x":-0.03078446164727211,"y":-0.15973910689353944,"z":-0.0049845436587929729,"w":0.9866693019866943},"size":1013.986083984375,"orthographic":false}